carrierid	component	quantity	timeatfirstload	maxtotaltime	previouspauses	aux2	package	phs_nom_height
004256	DDXX_1587	300	2023-12-21 10:20:49.645447	3	0	2.6000000000000000	MXL1105L	2600
004257	DDXX_1587	300	2023-12-21 10:21:35.017518	3	0	2.6000000000000000	MXL1105L	2600
000796	DARA_1422	2	2023-01-31 11:06:42.653819	7	0	0.78000000000000000000	QFN12-3X3	780
004093	DASP_1185	92	2023-12-12 10:01:13.292913	7	64.1962841642245	2.5000000000000000	BGA25-5x5-2.5	2500
002188	DXXX_0944	22	2023-04-03 09:36:11.509146	7	435.889471515451	1.6000000000000000	BGA256-17x17-1.0	1600
002514	DARA_0749	100	2023-05-22 10:16:03.103161	7	0	0.78000000000000000000	QFN12-3X3	780
005660	VTAF_0214	17	2024-09-10 11:11:22.821245	7	0	2.1500000000000000	TO-270-2_REF	2150
003505	DASP_1692	28	2023-09-19 08:28:56.167152	365	17.3624510653356	0.78000000000000000000	QFN12-3X2-simetric	780
001266	DDAT_1466	4	2023-02-13 13:18:34.895994	7	114.083436346759	0.75000000000000000000	WSON_8X6	750
005566	DASP_1739	40	2024-08-20 12:02:45.849964	7	0.000214518206018519	2.0000000000000000	QFN11-3.6X4.5_REF	2000
003899	DAKO_1651	15	2023-10-25 15:44:05.249585	365	236.02167001566	1.00000000000000000000	SOT-353	1000
002538	DDAT_1671	50	2023-05-26 09:13:35.051652	7	0	1.1000000000000000	BGA96-14x8-0.8	1100
004258	DDXX_1587	300	2023-12-21 10:22:09.355455	3	0	2.6000000000000000	MXL1105L	2600
002821	DDPR_1155	240	2023-06-28 08:34:43.923677	7	0	1.4000000000000000	LQFP144-0.50	1400
002053	DXXX_1189	12	2023-03-23 11:01:41.533324	0	454.279498929988	0.90000000000000000000	QFN32-5X5	900
001662	DXXX_1333	170	2023-02-27 10:37:23.935407	7	3.27818536275463	1.1000000000000000	TSSOP20	1100
004259	DDXX_1587	300	2023-12-21 10:22:39.842385	3	0	2.6000000000000000	MXL1105L	2600
004260	DDXX_1587	300	2023-12-21 10:23:18.00163	3	0	2.6000000000000000	MXL1105L	2600
001506	DARA_1241	2	2023-02-21 13:10:44.961462	7	28.0923481020833	0.90000000000000000000	QFN24-5X5	900
001328	DXXX_1157	189	2023-02-14 13:37:29.111361	3	0	2.6500000000000000	BGA1440-38x38-0.8	2650
001330	DXXX_1157	3	2023-02-14 13:41:29.371771	3	364.853243145012	2.6500000000000000	BGA1440-38x38-0.8	2650
001332	DDPR_1155	120	2023-02-14 13:49:36.306737	7	0	1.4000000000000000	LQFP144-0.50	1400
000236	DARA_1636	2	2023-01-26 11:00:36.18331	7	21.8820560247454	0.90000000000000000000	QPQ4900	900
000240	DASP_1648	15	2023-01-12 11:08:54.209981	365	6.02321434081018	0.90000000000000000000	VQFN	900
005534	DXXX_1758	16	2024-08-12 11:45:02.236906	365	3.01632218548611	1.00000000000000000000	SOT-23_6	1000
000238	DDXX_1644	1	2023-01-11 13:51:47.533527	365	0	0.80000000000000000000	SOT-23F	800
000241	DXXX_1028	20	2023-01-12 11:08:50.446429	365	0	0.80000000000000000000	QFN16-3X3	800
004800	DDXX_0709	12	2024-03-21 08:34:40.951165	7	0	0.95000000000000000000	QFN68-10x10	950
000266	DXXX_1363	220	2023-01-13 13:11:00.925125	7	0	0.80000000000000000000	QFN24-4X4	800
000261	DXXX_0789	182	2023-01-13 12:52:25.612489	7	0	0.80000000000000000000	QFN24-4X4	800
000250	DDXX_1513	8000	2023-01-12 11:21:23.150053	7	0	0.80000000000000000000	HLGA-10L_opt	800
000258	DXXX_0789	574	2023-01-13 12:47:27.777895	7	0	0.80000000000000000000	QFN24-4X4	800
000257	DXXX_0789	12	2023-01-13 12:34:50.318079	7	0	0.80000000000000000000	QFN24-4X4	800
002096	DXXX_0993	100	2023-03-27 14:02:26.144768	7	0	0.80000000000000000000	QFN24-4X4	800
000251	DDXX_1513	8000	2023-01-12 11:22:59.436908	7	0	0.80000000000000000000	HLGA-10L_opt	800
000268	DARA_0474	3	2023-01-13 13:14:32.138207	7	488.930585912812	0.80000000000000000000	QFN24-4X4	800
000252	DDPR_1433	780	2023-01-12 11:44:59.254554	7	7.35560648148148e-05	0.80000000000000000000	QFN48-0.5	800
000260	DXXX_0789	354	2023-01-13 12:51:09.614711	7	0	0.80000000000000000000	QFN24-4X4	800
000265	DXXX_1363	23	2023-01-13 13:10:54.055836	7	0	0.80000000000000000000	QFN24-4X4	800
000262	DXXX_0789	122	2023-01-13 12:53:58.772815	7	0	0.80000000000000000000	QFN24-4X4	800
000248	DDXX_1513	8000	2023-01-12 11:19:00.406455	7	0	0.80000000000000000000	HLGA-10L_opt	800
000267	DXXX_1363	151	2023-01-13 13:12:37.189729	7	0	0.80000000000000000000	QFN24-4X4	800
000269	DARA_0474	260	2023-01-13 13:15:16.835105	7	0	0.80000000000000000000	QFN24-4X4	800
000270	DARA_0474	2	2023-01-13 13:17:10.393755	7	0	0.80000000000000000000	QFN24-4X4	800
003194	DDPM_1530	8	2023-08-08 10:32:13.717162	7	10.1675563118171	2.1500000000000000	BGA676-26x26-H3.0	2150
000292	MAPM_4044	100	2023-01-17 13:17:39.785118	7	0	3.9000000000000000	SKU_REF	3900
000290	MAPM_4044	100	2023-01-17 13:13:24.08923	7	0	3.9000000000000000	SKU_REF	3900
000291	MAPM_4044	100	2023-01-17 13:16:04.665419	7	0	3.9000000000000000	SKU_REF	3900
002097	DXXX_0993	100	2023-03-27 14:03:06.057452	7	0	0.80000000000000000000	QFN24-4X4	800
000294	MAPM_4044	78	2023-01-17 13:19:47.774672	7	0	3.9000000000000000	SKU_REF	3900
000305	DXXX_0676	4	2023-01-17 15:10:30.014742	7	243.929418938518	0.90000000000000000000	QFN32-5X5	900
000300	DXXX_1150	2	2023-01-17 14:57:20.200828	7	28.9016929587037	1.1000000000000000	TSSOP48-0.50-BW:6.1	1100
000306	DXXX_0628	300	2023-01-17 15:12:22.336294	7	0	0.90000000000000000000	QFN32-5X5	900
000297	DXXX_1150	39	2023-01-17 14:50:58.940206	0	0	1.1000000000000000	TSSOP48-0.50-BW:6.1	1100
006158	DAKO_1651	3000	2024-11-13 08:15:36.009304	365	0	1.00000000000000000000	SOT-353	1000
000322	DDPR_1433	540	2023-01-17 15:33:51.334661	7	0	0.80000000000000000000	QFN48-0.5	800
000324	DDAT_1163	2500	2023-01-17 15:47:05.949617	7	0	1.5500000000000000	SO8	1550
000323	DDPR_1433	57	2023-01-17 15:34:24.579537	7	0	0.80000000000000000000	QFN48-0.5	800
002515	DARA_0749	100	2023-05-22 10:18:16.598022	7	0	0.78000000000000000000	QFN12-3X3	780
003038	DDIM_0897	13	2023-07-24 10:41:17.504451	7	0	0.90000000000000000000	QFN32-5X5.opt	900
005694	DASP_1668	2488	2024-09-16 16:12:11.434982	365	69.8526374951042	0.80000000000000000000	SOT-23_5_08.opt	800
003037	DDIM_0897	426	2023-07-24 10:40:54.928027	7	253.973901098333	0.90000000000000000000	QFN32-5X5.opt	900
002924	DXXX_1343	63	2023-07-04 10:43:03.355906	0	495.606764740567	0.80000000000000000000	QFN16-3X3	800
006159	DAKO_1651	3000	2024-11-13 08:19:45.443307	365	0	1.00000000000000000000	SOT-353	1000
005895	DAKO_1651	3000	2024-10-15 10:07:47.871975	365	0	1.00000000000000000000	SOT-353	1000
001481	DARA_1488	20	2023-02-21 10:31:21.000578	7	0	0.80000000000000000000	QFN32-0.5	800
002098	DXXX_0993	100	2023-03-27 14:03:35.322467	7	0	0.80000000000000000000	QFN24-4X4	800
002099	DXXX_0993	16	2023-03-27 14:04:02.650366	7	406.260706385139	0.80000000000000000000	QFN24-4X4	800
001371	DAKO_1651	4	2023-02-16 08:51:24.75824	365	0	1.00000000000000000000	SOT-353	1000
006160	DAKO_1651	3000	2024-11-13 08:20:53.306338	365	0	1.00000000000000000000	SOT-353	1000
005897	DAKO_1651	3000	2024-10-15 10:10:26.339664	365	0	1.00000000000000000000	SOT-353	1000
003790	DARA_1241	4	2023-10-16 16:18:54.893821	7	14.1189316565741	0.90000000000000000000	QFN24-5X5	900
001365	DARA_1636	28	2023-02-15 13:24:41.698796	7	5.93543956211806	0.90000000000000000000	QPQ4900	900
001366	DARA_1655	12	2023-02-15 13:36:22.448453	7	0.000452348587962963	1.00000000000000000000	LGA 16.0 x 10.5	1000
000298	DXXX_1150	18	2023-01-17 14:55:08.083566	7	177.982436238391	1.1000000000000000	TSSOP48-0.50-BW:6.1	1100
000256	DASP_1647	10	2024-04-23 08:14:42.975139	365	0	0.75000000000000000000	DFN12D-3x3-REF	750
005898	DAKO_1651	3000	2024-10-15 10:10:57.245921	365	0	1.00000000000000000000	SOT-353	1000
001378	DARA_1637	14	2023-02-16 09:11:32.524844	7	5.11069448364583	1.00000000000000000000	QFN20-4X4	1000
001374	DDAT_1658	12	2023-02-16 09:00:54.235262	7	0	0.80000000000000000000	QFN8-4X4	800
001395	OPOP_2716	4	2023-02-16 13:12:42.212675	7	255.401494045949	0.78000000000000000000	QFN16-3X3_REF	780
004261	DDXX_1587	300	2023-12-21 10:23:46.376581	3	0	2.6000000000000000	MXL1105L	2600
002103	DARA_0960	100	2023-03-27 14:06:33.307371	7	0	0.90000000000000000000	QFN32-5X5.meh	900
005900	DASP_1668	3000	2024-10-15 10:15:05.643284	365	0	0.80000000000000000000	SOT-23_5_08.opt	800
001712	CPIE_0803	40	2023-03-21 12:59:17.432561	7	393.972295266343	0.60000000000000000000	Trimeris_002	600
006161	DXXX_1300	180	2024-11-13 08:27:31.801894	7	8.71907638888889e-05	0.90000000000000000000	QFN32-5X5	900
003827	CELE_0823	17	2023-10-18 13:11:26.667368	7	84.8079116793171	2.9000000000000000	CTD_melns korp h2.9	2900
003945	DDPR_1699	16	2023-11-03 13:22:48.470569	365	0	1.4000000000000000	LQFP48-0.50	1400
002029	DASP_1265	6	2023-03-20 16:30:01.009558	365	32.6238803350463	1.00000000000000000000	QFN20-4X4	1000
003829	OPGD_0137	17	2023-10-18 13:12:40.70322	7	19.8929764965394	1.3000000000000000	Diode 3.2x2.7	1300
003830	OPGD_0137	35	2023-10-18 13:13:15.340861	7	82.8276119700579	1.3000000000000000	Diode 3.2x2.7	1300
000351	DARA_1242	8	2023-01-18 09:41:07.532618	7	58.4569083969676	0.90000000000000000000	QFN32-5X5.meh	900
002239	DXXX_0575	250	2023-04-11 16:04:08.182187	365	0	1.2000000000000000	SOT-23-5.opt	1200
003423	DXXX_0715	1	2023-09-04 08:48:46.111211	7	14.1955325515162	0.78000000000000000000	QFN12-3X3	780
003832	DASP_1668	9	2023-10-18 13:14:32.971192	365	7.85887778981481	0.80000000000000000000	SOT-23_5_08.opt	800
003507	DASP_1185	30	2023-09-19 10:36:12.403023	7	7.19073196013889	2.5000000000000000	BGA25-5x5-2.5	2500
002240	DXXX_0575	250	2023-04-11 16:05:24.813812	365	0	1.2000000000000000	SOT-23-5.opt	1200
000551	DXXX_1344	7	2023-01-20 09:16:49.028712	7	0	0.78000000000000000000	QFN12-3X3_REF	780
001505	DAXX_1048	250	2023-02-21 13:08:36.108153	365	0	0.80000000000000000000	QFN16-3X3.meh	800
002241	DXXX_0575	250	2023-04-11 16:06:01.292559	365	0	1.2000000000000000	SOT-23-5.opt	1200
002024	DAXX_0972	12	2023-03-20 13:59:13.46152	7	0	0.90000000000000000000	QFN32-5X5	900
002517	DARA_0749	100	2023-05-22 10:20:37.153759	7	0	0.78000000000000000000	QFN12-3X3	780
002518	DARA_0749	100	2023-05-22 10:21:22.961118	7	0	0.78000000000000000000	QFN12-3X3	780
000552	DXXX_1344	1	2023-01-20 09:17:56.234507	7	21.1574992700231	0.78000000000000000000	QFN12-3X3_REF	780
000555	DAOP_0421	1	2023-01-20 09:30:29.009746	7	23.9831799314352	1.5500000000000000	SO8	1550
002843	DDXX_1406	40	2023-06-28 10:00:29.410966	3	0	3.3000000000000000	BGA1600-40x40-1.0x	3300
002842	DDXX_1406	56	2023-06-28 09:58:21.140841	3	0	3.3000000000000000	BGA1600-40x40-1.0x	3300
002844	DDXX_1406	168	2023-06-28 10:02:13.426819	3	0	3.3000000000000000	BGA1600-40x40-1.0x	3300
002845	DDXX_1406	136	2023-06-28 10:03:17.768163	3	0	3.3000000000000000	BGA1600-40x40-1.0x	3300
001676	DARA_1281	3	2023-02-28 08:49:21.96398	7	0	0.90000000000000000000	QFN32-5X5	900
004986	DAXX_0972	35	2024-05-10 11:12:47.768144	7	0	0.90000000000000000000	QFN32-5X5	900
001678	DARA_1281	8	2023-02-28 08:51:16.887278	7	216.308010939745	0.90000000000000000000	QFN32-5X5	900
001830	DXXX_1142	3000	2023-03-06 13:29:42.881582	365	5.74113194444444e-05	0.80000000000000000000	QFN24-4X4	800
002242	DXXX_0575	250	2023-04-11 16:08:17.930956	365	0	1.2000000000000000	SOT-23-5.opt	1200
000621	DDPR_0886	250	2023-01-23 15:53:08.667545	7	0	0.85000000000000000000	QFN64-9X9	850
002846	DDXX_1406	9	2023-06-28 10:04:23.894524	3	0	3.3000000000000000	BGA1600-40x40-1.0x	3300
002847	DDXX_1406	4	2023-06-28 10:05:47.637596	3	0	3.3000000000000000	BGA1600-40x40-1.0x	3300
001539	DASP_0603	21	2023-02-22 09:35:55.799017	365	43.9022468735185	0.90000000000000000000	TSSOP08-0.65-BW:3.2	900
000791	DXXX_0715	6	2023-01-31 10:57:54.001421	7	0.000146411666666667	0.78000000000000000000	QFN12-3X3	780
000794	DARA_1422	92	2023-01-31 11:03:00.179183	7	0	0.78000000000000000000	QFN12-3X3	780
000795	DARA_1422	74	2023-01-31 11:04:10.299818	7	0	0.78000000000000000000	QFN12-3X3	780
002848	DDXX_1406	168	2023-06-28 10:06:53.886292	3	0	3.3000000000000000	BGA1600-40x40-1.0x	3300
002849	DDXX_1406	168	2023-06-28 10:07:50.899999	3	0	3.3000000000000000	BGA1600-40x40-1.0x	3300
001690	DDPM_0947	50	2023-02-28 09:16:43.277513	7	15.9211796426736	1.4800000000000000	BGA400-17x17-0.8(d=0.5)	1480
001691	DDPM_0991	40	2023-02-28 09:19:36.824029	7	8.01581901181713	2.4000000000000000	BGA484-22x22-1.0(h=2.4)	2400
001704	DARA_0960	4	2023-04-24 12:11:09.057644	7	27.0436521524769	0.90000000000000000000	QFN32-5X5.meh	900
001688	DARA_1488	59	2023-02-28 09:08:40.612188	7	0	0.80000000000000000000	QFN32-0.5	800
003144	OPGD_0055	22	2023-08-02 09:05:48.769437	7	47.4422735740509	1.00000000000000000000	D0603-04.opt	1000
002376	QKRZ_2718	66	2024-03-20 11:41:37.730403	0	0	1.2000000000000000	DXKV-2 5x3 2-kaj	1200
002547	DASP_1672	15	2023-05-26 11:58:05.351491	365	83.9864625726389	0.90000000000000000000	QFN8-2X2	900
001459	DARA_1240	3	2023-10-31 12:46:32.888197	7	33.7946658406482	1.3500000000000000	QFN16-6x6.meh	1350
002872	DARA_0474	300	2023-06-30 13:29:47.525227	7	0	0.80000000000000000000	QFN24-4X4	800
001693	DDPM_1530	2	2023-02-28 09:22:54.763576	7	171.217758894028	2.1500000000000000	BGA676-26x26-H3.0	2150
001546	DARA_1422	4	2023-04-28 12:13:43.564208	7	147.839707327975	0.78000000000000000000	QFN12-3X3	780
001831	DXXX_1142	3000	2023-03-06 13:30:33.390919	365	0	0.80000000000000000000	QFN24-4X4	800
001832	DXXX_1142	3000	2023-03-06 13:31:18.57222	365	0	0.80000000000000000000	QFN24-4X4	800
002527	DARA_1449	4	2023-05-25 08:31:01.669367	7	278.266955438032	0.80000000000000000000	QFN24-4X4	800
000759	DDPR_1392	120	2023-01-30 15:50:49.346482	7	0	0.55000000000000000000	QFN28-4X4-0.5	550
005808	CUNI_1525	1625	2024-09-30 09:07:43.165563	0	37.1445699993287	1.00000000000000000000	0805-10	1000
000760	DDPR_1392	2820	2023-01-30 15:53:24.026513	7	0	0.55000000000000000000	QFN28-4X4-0.5	550
002546	DDAT_1675	5	2023-05-26 11:48:52.757825	7	90.1022267801968	1.00000000000000000000	BGA153L_H1	1000
000797	DARA_1422	65	2023-01-31 11:07:34.993673	7	0	0.78000000000000000000	QFN12-3X3	780
000802	DDAT_1326	1080	2023-01-31 11:30:53.796471	7	0	1.9700000000000000	SO8-BW:5.4mm_opt	1970
000800	DARA_1472	120	2023-01-31 11:12:09.552399	7	0	3.0000000000000000	QFN50	3000
000801	DARA_1471	120	2023-01-31 11:14:05.605791	7	0	3.0000000000000000	QFN50	3000
000799	DARA_1071	1	2023-03-23 18:55:45.408038	7	0	0.90000000000000000000	QFN24-5X5	900
002871	DDPR_0886	250	2023-06-30 13:29:06.766234	7	0	0.85000000000000000000	QFN64-9X9	850
005668	DARA_1762	4	2024-09-10 11:41:13.928305	7	20.0462654759144	0.80000000000000000000	QFN32-0.5	800
001834	DARA_1190	23	2023-04-04 10:47:53.058304	7	48.0533280004861	0.80000000000000000000	QFN24-4X4	800
000826	DARA_1241	8	2023-01-31 14:28:43.371604	7	26.9012373479745	0.90000000000000000000	QFN24-5X5	900
002227	OPGD_0134	179	2023-04-05 11:56:48.440173	365	0	4.0000000000000000	Diode 4x4mm	4000
003933	OPGD_0054	8	2023-11-16 08:47:00.171862	7	83.1503827946528	1.00000000000000000000	D0603-04.opt	1000
000803	DDAT_1326	999	2023-01-31 11:32:20.275607	365	257.977207430301	1.9700000000000000	SO8-BW:5.4mm_opt	1970
004688	DDAT_0937	114	2024-02-26 08:53:47.795189	7	127.196122721204	0.95000000000000000000	BGA84-8x12.5-0.8	950
001388	DXXX_1142	8	2023-02-16 11:29:47.312495	365	142.581768021377	0.80000000000000000000	QFN24-4X4	800
001696	DAOP_0421	412	2023-02-28 12:33:10.621506	7	50.2729956608333	1.5500000000000000	SO8	1550
000992	DXXX_1189	63	2023-02-10 11:12:28.564414	0	117.535004241366	0.90000000000000000000	QFN32-5X5	900
000828	DARA_0474	7	2023-03-14 11:49:28.27218	7	0.000103058287037037	0.80000000000000000000	QFN24-4X4	800
001333	DDPR_1155	11	2023-02-14 13:50:33.873037	7	497.818046761713	1.4000000000000000	LQFP144-0.50	1400
003697	DAKO_1651	20	2023-10-03 10:44:47.043374	365	14.2384981892361	1.00000000000000000000	SOT-353	1000
003931	DXXX_1698	11	2023-10-31 10:01:28.773137	365	0	1.5500000000000000	SO8	1550
004263	DDXX_1586	100	2023-12-27 11:20:18.430067	3	0	2.7000000000000000	BGA625-23x23-1.27	2700
001721	DDPM_1618	20	2023-03-01 10:57:10.532788	3	320.210412171053	3.3000000000000000	CBGA900-30x30-1.00	3300
004262	DDXX_1586	100	2023-12-27 11:19:12.991065	3	0	2.7000000000000000	BGA625-23x23-1.27	2700
002295	DDPR_1529	172	2023-04-17 10:23:22.730725	365	122.433361062755	0.75000000000000000000	QFN6-3X3.meh	750
004950	DASP_1721	5	2024-04-30 08:53:11.405123	7	0	2.0000000000000000	QFN11-3.6X4.5_REF	2000
002247	DXXX_0575	250	2023-04-11 16:15:49.471114	365	0	1.2000000000000000	SOT-23-5.opt	1200
002248	DXXX_0575	250	2023-04-11 16:16:47.59202	365	0	1.2000000000000000	SOT-23-5.opt	1200
002317	DARA_1242	100	2023-04-21 16:47:16.338316	7	0	0.90000000000000000000	QFN32-5X5.meh	900
004264	DDXX_1586	300	2023-12-27 11:21:56.629088	3	0	2.7000000000000000	BGA625-23x23-1.27	2700
002318	DARA_1242	100	2023-04-21 16:48:25.888926	7	0	0.90000000000000000000	QFN32-5X5.meh	900
002319	DARA_1242	100	2023-04-21 16:49:08.682604	7	0	0.90000000000000000000	QFN32-5X5.meh	900
002249	DXXX_0575	250	2023-04-11 16:18:02.414249	365	0	1.2000000000000000	SOT-23-5.opt	1200
006100	DASP_1668	3000	2024-11-08 08:19:45.314383	365	0	0.80000000000000000000	SOT-23_5_08.opt	800
004951	RTER_0159	30	2024-04-30 08:54:20.371038	28	15.0475819741204	0.70000000000000000000	1206-07	700
002320	DARA_1242	100	2023-04-21 16:49:52.057757	7	0	0.90000000000000000000	QFN32-5X5.meh	900
002250	DXXX_0575	250	2023-04-11 16:19:12.702436	365	0	1.2000000000000000	SOT-23-5.opt	1200
002251	DXXX_0575	250	2023-04-11 16:19:52.717328	365	0	1.2000000000000000	SOT-23-5.opt	1200
002031	DXXX_0912	123	2023-03-22 09:52:20.835484	7	0.00355363136574074	2.5000000000000000	SO18	2500
004820	RTER_0159	5	2024-04-02 12:34:17.2559	28	15.9050433445949	0.70000000000000000000	1206-07	700
003703	DASP_1668	20	2023-10-03 10:54:27.681738	365	15.0721235172569	0.80000000000000000000	SOT-23_5_08.opt	800
002252	DXXX_0575	250	2023-04-11 16:20:45.407695	365	0	1.2000000000000000	SOT-23-5.opt	1200
003983	DARA_0474	39	2023-11-07 09:28:52.726239	7	206.290909404688	0.80000000000000000000	QFN24-4X4	800
001125	DXXX_1148	33	2023-02-08 08:49:27.675208	365	23.0124083531829	0.85000000000000000000	QFN64-9X9	850
003138	DASP_1185	80	2023-08-01 10:25:42.085808	7	49.0075761872917	2.5000000000000000	BGA25-5x5-2.5	2500
003984	DARA_0474	121	2023-11-07 09:30:28.054787	0	266.287185567708	0.80000000000000000000	QFN24-4X4	800
006101	DASP_1668	3000	2024-11-08 08:23:56.117881	365	0	0.80000000000000000000	SOT-23_5_08.opt	800
003666	DARA_0808	64	2024-01-15 16:07:41.222364	7	2.68450964865741	0.80000000000000000000	QFN24-4X4	800
002253	DXXX_0575	250	2023-04-11 16:21:23.828617	365	0	1.2000000000000000	SOT-23-5.opt	1200
002808	DXXX_0992	168	2023-06-21 09:40:01.175687	3	0	2.9300000000000000	BGA1156-35x35-1.0(h=2.9)	2930
006219	MAPM_4318	12	2024-11-26 09:35:47.894079	7	0	3.1000000000000000	NINA_2	3100
006102	DASP_1668	3000	2024-11-08 08:25:46.347371	365	0	0.80000000000000000000	SOT-23_5_08.opt	800
002025	DAXX_0972	364	2023-03-20 14:00:11.318571	7	135.968645520093	0.90000000000000000000	QFN32-5X5	900
002809	DXXX_0992	31	2023-06-21 09:41:41.070848	3	0	2.9300000000000000	BGA1156-35x35-1.0(h=2.9)	2930
002810	DXXX_0992	168	2023-06-21 09:42:57.540392	3	0	2.9300000000000000	BGA1156-35x35-1.0(h=2.9)	2930
004893	DARA_1517	109	2024-04-18 08:56:02.057037	365	46.2114930312847	0.85000000000000000000	QFN48-0.4	850
001108	DAXX_1048	250	2023-02-07 12:06:21.596995	365	0	0.80000000000000000000	QFN16-3X3.meh	800
004865	DXXX_0631	20	2024-04-15 13:08:10.091129	7	0.300448995509259	0.78000000000000000000	QFN12-3X3	780
001104	DAXX_1048	250	2023-02-07 12:06:33.267653	365	0	0.80000000000000000000	QFN16-3X3.meh	800
001105	DAXX_1048	250	2023-02-07 12:06:30.41384	365	0	0.80000000000000000000	QFN16-3X3.meh	800
001103	DAXX_1048	250	2023-02-07 12:01:58.711293	365	0	0.80000000000000000000	QFN16-3X3.meh	800
001106	DAXX_1048	250	2023-02-07 12:06:27.600853	365	0	0.80000000000000000000	QFN16-3X3.meh	800
001107	DAXX_1048	250	2023-02-07 12:06:24.343492	365	0	0.80000000000000000000	QFN16-3X3.meh	800
001109	DAXX_1048	250	2023-02-07 12:06:18.900509	365	0	0.80000000000000000000	QFN16-3X3.meh	800
001110	DAXX_1048	250	2023-02-07 12:06:15.842311	365	0	0.80000000000000000000	QFN16-3X3.meh	800
001111	DAXX_1048	250	2023-02-07 12:06:12.630572	365	0	0.80000000000000000000	QFN16-3X3.meh	800
001112	DAXX_1048	250	2023-02-07 12:06:07.947476	365	0	0.80000000000000000000	QFN16-3X3.meh	800
002811	DXXX_0992	168	2023-06-21 09:44:19.812081	3	0	2.9300000000000000	BGA1156-35x35-1.0(h=2.9)	2930
001937	DASP_1185	7	2023-03-13 09:41:32.67357	7	335.972613944954	2.5000000000000000	BGA25-5x5-2.5	2500
006222	DDXX_1744	20	2024-11-26 10:44:08.109837	7	0	1.4000000000000000	LQFP48-0.50	1400
002254	DXXX_0575	250	2023-04-11 16:22:13.827833	365	0	1.2000000000000000	SOT-23-5.opt	1200
006223	DARA_1746	12	2024-11-26 10:48:58.473949	7	0	0.85000000000000000000	QFN56-7x7	850
002255	DXXX_0575	250	2023-04-11 16:23:00.459135	365	0	1.2000000000000000	SOT-23-5.opt	1200
002812	DXXX_0992	168	2023-06-21 09:45:20.147287	3	0	2.9300000000000000	BGA1156-35x35-1.0(h=2.9)	2930
000299	DXXX_1150	2	2023-01-17 14:56:22.184245	7	130.758405209317	1.1000000000000000	TSSOP48-0.50-BW:6.1	1100
006224	DDAT_1747	20	2024-11-26 10:51:27.851535	7	0	0.75000000000000000000	WSON_6X5	750
001578	DASP_1502	20	2023-02-22 15:36:00.168866	365	176.226523990208	1.4000000000000000	QFN22-6X5	1400
002814	DXXX_0992	22	2023-06-21 09:47:27.745102	3	0	2.9300000000000000	BGA1156-35x35-1.0(h=2.9)	2930
003085	OPGD_0130	2000	2023-07-28 08:55:16.621085	7	241.108019065671	1.00000000000000000000	0603-10	1000
002813	DXXX_0992	168	2023-06-21 09:46:19.346792	3	0	2.9300000000000000	BGA1156-35x35-1.0(h=2.9)	2930
002877	DXXX_1016	10	2023-06-30 13:34:38.535456	7	0	0.90000000000000000000	QFN32-5X5	900
002878	DXXX_1016	290	2023-06-30 13:35:10.920108	7	0	0.90000000000000000000	QFN32-5X5	900
006225	DXXX_1777	40	-infinity	365	0	2.0000000000000000	!DUMMY	2000
003086	OPGD_0130	2000	2023-07-28 08:55:54.34574	7	241.107321672778	1.00000000000000000000	0603-10	1000
002815	DXXX_0992	113	2023-06-21 09:48:14.775485	3	0	2.9300000000000000	BGA1156-35x35-1.0(h=2.9)	2930
003560	DDXX_1406	168	2023-09-21 09:14:09.062175	3	0	3.3000000000000000	BGA1600-40x40-1.0x	3300
003828	CELE_0823	2	2023-10-18 13:11:59.040292	7	125.925502486366	2.9000000000000000	CTD_melns korp h2.9	2900
003559	DDXX_1406	168	2023-09-21 09:11:29.523374	3	0	3.3000000000000000	BGA1600-40x40-1.0x	3300
002816	DXXX_0992	168	2023-06-21 09:49:22.60723	3	0	2.9300000000000000	BGA1156-35x35-1.0(h=2.9)	2930
003087	OPGD_0130	2000	2023-07-28 08:56:39.255539	7	241.106955670185	1.00000000000000000000	0603-10	1000
003561	DDXX_1406	168	2023-09-21 09:15:48.396792	3	0	3.3000000000000000	BGA1600-40x40-1.0x	3300
005308	DXXX_1233	10	2024-07-16 09:45:43.213246	7	36.0187154400347	0.85000000000000000000	QFN64-9X9	850
002360	DDPR_0886	250	2023-04-28 16:31:04.27418	7	0	0.85000000000000000000	QFN64-9X9	850
002361	DDPR_0886	250	2023-04-28 16:32:01.962376	7	0	0.85000000000000000000	QFN64-9X9	850
006039	DDAT_0948	856	2024-10-28 11:21:05.819498	7	0	1.1000000000000000	BGA96-14x8-0.8	1100
003562	DDXX_1406	168	2023-09-21 09:17:00.227214	3	0	3.3000000000000000	BGA1600-40x40-1.0x	3300
002776	OPGD_0134	1023	2023-06-16 12:10:28.758641	0	5.19226634465278	4.0000000000000000	Diode 4x4mm	4000
005042	DDPR_1255	2920	2024-05-24 15:55:48.388899	7	0	0.55000000000000000000	QFN32-5X5_0.55h	550
006040	DDAT_0948	765	2024-10-28 11:27:13.568198	7	0	1.1000000000000000	BGA96-14x8-0.8	1100
005005	OPGD_0138	1000	2024-05-17 15:36:41.311289	365	0	0.80000000000000000000	RoundLed_REF	800
006093	RUNI_168	5000	2024-11-07 09:00:55.146532	365	0	0.50000000000000000000	0805-05	500
006041	DDAT_0948	1224	2024-10-28 11:28:02.799267	7	0	1.1000000000000000	BGA96-14x8-0.8	1100
005311	DXXX_1749	6	2024-07-16 09:59:05.476197	365	50.0636706369792	0.85000000000000000000	QFN64-9X9	850
003563	DDXX_1406	168	2023-09-21 09:18:22.130861	3	0	3.3000000000000000	BGA1600-40x40-1.0x	3300
005043	DDPR_1255	296	2024-05-24 15:58:01.769861	7	123.771619947072	0.55000000000000000000	QFN32-5X5_0.55h	550
001747	DXXX_0730	791	2023-03-02 09:12:07.152301	0	191.620669449792	0.80000000000000000000	QFN24-4X4	800
002335	DDPM_1463	1	2023-04-24 16:29:08.183843	7	29.9937563316551	1.6000000000000000	LBGA484-19x19-1.6	1600
002851	DDXX_1587	300	2023-06-28 13:50:43.314274	3	0	2.6000000000000000	MXL1105L	2600
005645	DXXX_1049	3	2024-09-09 14:01:09.702368	7	0	0.80000000000000000000	QFN24-4X4	800
002105	DARA_0960	2	2023-03-27 14:07:22.832932	7	249.338857664514	0.90000000000000000000	QFN32-5X5.meh	900
003564	DDXX_1406	168	2023-09-21 09:19:26.825766	3	0	3.3000000000000000	BGA1600-40x40-1.0x	3300
002256	DXXX_0575	250	2023-04-11 16:23:52.659273	365	0	1.2000000000000000	SOT-23-5.opt	1200
002362	DDPR_0886	250	2023-04-28 16:33:56.585109	7	0	0.85000000000000000000	QFN64-9X9	850
002853	DDXX_1587	180	2023-06-28 13:53:22.14304	3	0	2.6000000000000000	MXL1105L	2600
004295	DASP_0672	250	2024-01-05 15:04:42.406474	365	0	0.78000000000000000000	QFN16-4X4	780
001390	DASP_1145	53	2024-04-25 11:51:01.316259	365	0	1.4000000000000000	QFN22-6X5	1400
002852	DDXX_1587	22	2023-06-28 13:51:56.990954	3	229.777115400046	2.6000000000000000	MXL1105L	2600
003565	DDXX_1406	168	2023-09-21 09:20:36.615946	3	0	3.3000000000000000	BGA1600-40x40-1.0x	3300
003566	DDXX_1406	168	2023-09-21 09:21:42.735194	3	0	3.3000000000000000	BGA1600-40x40-1.0x	3300
003656	DASP_1123	616	2024-04-23 15:26:55.989411	365	1.84927981185185	0.90000000000000000000	QFN20-5X5	900
005926	DXXX_0715	10	2024-10-15 13:58:23.704267	7	0	0.78000000000000000000	QFN12-3X3	780
005927	DXXX_1421	10	2024-10-15 13:59:04.517307	7	0	0.78000000000000000000	QFN12-3X3_1.2.opt	780
002516	DARA_0749	21	2023-05-22 10:19:06.761296	0	356.089606704236	0.78000000000000000000	QFN12-3X3	780
005928	OPGD_0055	2000	2024-10-15 14:03:36.996463	7	0	1.00000000000000000000	D0603-04.opt	1000
002882	DXXX_1030	250	2023-06-30 13:38:12.636867	7	0	0.85000000000000000000	QFN64-9X9	850
003568	DDXX_1406	4	2023-09-21 09:23:48.285617	3	172.241299653669	3.3000000000000000	BGA1600-40x40-1.0x	3300
002304	DAKO_1651	9	2023-04-20 09:19:05.782633	365	47.1224105561111	1.00000000000000000000	SOT-353	1000
005929	OPGD_0055	2000	2024-10-15 14:03:59.973379	7	0	1.00000000000000000000	D0603-04.opt	1000
003567	DDXX_1406	54	2023-09-21 09:22:51.342138	3	0	3.3000000000000000	BGA1600-40x40-1.0x	3300
005930	OPGD_0055	2000	2024-10-15 14:04:26.900319	7	0	1.00000000000000000000	D0603-04.opt	1000
002884	DXXX_1344	4	2023-06-30 13:40:49.474879	7	0	0.78000000000000000000	QFN12-3X3_REF	780
002258	DARA_0960	100	2023-04-11 16:26:19.463735	7	6.82454861111111e-05	0.90000000000000000000	QFN32-5X5.meh	900
005931	OPGD_0055	2000	2024-10-15 14:04:58.420823	7	0	1.00000000000000000000	D0603-04.opt	1000
005932	OPGD_0055	2000	2024-10-15 14:05:22.228526	7	0	1.00000000000000000000	D0603-04.opt	1000
004821	OPFD_4156	855	2024-04-02 12:38:13.514598	0	79.1116501547454	1.1000000000000000	5042-11	1100
002948	DARA_1241	3	2023-07-07 13:54:49.825217	7	54.9127889419444	0.90000000000000000000	QFN24-5X5	900
004831	DXXX_1157	102	2024-04-02 15:57:14.713057	3	69.7804765261458	2.6500000000000000	BGA1440-38x38-0.8	2650
002550	DDPR_1056	250	2023-05-26 15:34:53.132512	7	0	1.5000000000000000	LQFP64-0.50	1500
004344	DASP_1185	3	2024-01-12 15:12:18.944138	7	37.8826870091782	2.5000000000000000	BGA25-5x5-2.5	2500
004869	DASP_1555	13	2024-04-15 16:30:36.715161	7	0	1.7500000000000000	QFN28-4X5	1750
003902	DARA_1339	20	2023-10-27 14:31:00.911227	7	13.8147153572685	0.80000000000000000000	QFN24-4X4	800
002987	DASP_1668	2	2023-07-12 14:49:16.618154	365	103.929998133079	0.80000000000000000000	SOT-23_5_08.opt	800
002552	DDAT_1243	4	2023-05-26 15:42:14.682902	7	304.977513173947	1.1000000000000000	TSOP48-BW:18.4	1100
005733	DARA_1544	4	2024-09-23 15:10:07.237179	7	6.90123933431713	0.80000000000000000000	QFN24-4X4	800
002261	DASP_0930	3000	2023-04-11 16:29:33.457379	365	0	0.95000000000000000000	QFN10-3X3	950
002553	DXXX_1148	716	2023-05-26 15:49:59.621424	365	90.0232325729283	0.85000000000000000000	QFN64-9X9	850
003015	DARA_1042	51	2023-11-16 11:51:26.600783	0	0	0.90000000000000000000	QFN28-0.65	900
002554	DXXX_1148	1206	2023-05-26 15:53:42.787724	365	0.000110073425925926	0.85000000000000000000	QFN64-9X9	850
001936	DARA_1432	10	2023-03-13 09:38:42.054326	7	331.884187925151	1.8000000000000000	QFN20-5X5.5	1800
002886	DXXX_1344	3	2023-06-30 13:41:51.78604	7	0	0.78000000000000000000	QFN12-3X3_REF	780
002887	DXXX_1344	1	2023-06-30 13:42:12.897322	7	81.7913702976273	0.78000000000000000000	QFN12-3X3_REF	780
005933	OPGD_0055	2000	2024-10-15 14:05:46.332154	7	0	1.00000000000000000000	D0603-04.opt	1000
001974	OPGD_0134	179	2023-03-14 16:28:12.686776	365	0	4.0000000000000000	Diode 4x4mm	4000
005934	OPGD_0055	1565	2024-10-15 14:06:26.742228	7	37.9899085211574	1.00000000000000000000	D0603-04.opt	1000
002971	DARA_0554	1112	2023-07-11 15:43:19.35755	0	184.599542063218	0.80000000000000000000	QFN24-4X4	800
001698	DDIM_0897	62	2023-03-02 12:56:56.840412	7	139.061028505648	0.90000000000000000000	QFN32-5X5.opt	900
002216	OPGD_0055	933	2023-04-04 16:29:35.951994	7	14.7881671293634	1.00000000000000000000	D0603-04.opt	1000
005312	DARA_1042	347	2024-07-16 10:33:29.278761	7	41.9099340629861	0.90000000000000000000	QFN28-0.65	900
005936	OPGD_0054	2000	2024-10-15 14:11:07.097254	7	0	1.00000000000000000000	D0603-04.opt	1000
000183	DARA_1024	15	2023-04-20 16:15:09.349471	7	95.0507659715741	1.5000000000000000	SOT-89-B1JEDEC	1500
005937	OPGD_0054	2000	2024-10-15 14:11:41.191397	7	0	1.00000000000000000000	D0603-04.opt	1000
005313	MAPM_3922	785	2024-07-16 10:34:17.975014	7	0	1.4600000000000000	NINA_1	1460
004159	DASP_1294	220	2023-12-07 15:47:59.466382	365	0	0.75000000000000000000	SON	750
002214	DDAT_0948	21	2023-04-13 11:11:10.475902	7	78.0524426239352	1.1000000000000000	BGA96-14x8-0.8	1100
005938	OPGD_0054	2000	2024-10-15 14:12:09.118368	7	0	1.00000000000000000000	D0603-04.opt	1000
002519	DARA_0749	3	2023-05-22 10:22:57.955773	7	187.206261658403	0.78000000000000000000	QFN12-3X3	780
002114	DXXX_1157	3	2023-03-28 09:35:16.944629	3	323.023729238877	2.6500000000000000	BGA1440-38x38-0.8	2650
002113	DXXX_1157	72	2023-03-28 09:34:07.898059	3	0	2.6500000000000000	BGA1440-38x38-0.8	2650
002118	DXXX_1344	2	2023-03-28 09:44:08.53949	7	0	0.78000000000000000000	QFN12-3X3_REF	780
000792	DXXX_0715	4	2023-01-31 10:59:54.310074	7	57.9709979386343	0.78000000000000000000	QFN12-3X3	780
005890	DXXX_0942	468	2024-10-14 09:27:23.811189	365	11.0135157424421	0.80000000000000000000	QFN24-4X4	800
002116	DARA_1665	1	2023-03-28 09:40:36.545754	7	0	1.4000000000000000	QFN20-7X1.4_Ref	1400
002115	DXXX_1157	54	2023-03-28 09:36:30.343918	3	345.992834014352	2.6500000000000000	BGA1440-38x38-0.8	2650
005939	OPGD_0054	2000	2024-10-15 14:12:31.944256	7	0	1.00000000000000000000	D0603-04.opt	1000
003696	OPGD_0135	13	2023-10-03 10:43:40.931544	7	221.172931587222	1.3000000000000000	Diode 3.2x2.7_ref	1300
002340	DARA_1666	1	2023-04-26 09:31:53.156134	7	260.017231562407	0.78000000000000000000	QFN12-3X3_REF	780
002262	DASP_0930	3000	2023-04-11 16:30:35.670506	365	0	0.95000000000000000000	QFN10-3X3	950
005940	OPGD_0054	2000	2024-10-15 14:12:56.808026	7	0	1.00000000000000000000	D0603-04.opt	1000
005139	DARA_1241	12	2024-06-17 08:31:34.497096	7	0	0.90000000000000000000	QFN24-5X5	900
005006	DASP_1185	164	2024-05-17 16:36:50.554252	7	0	2.5000000000000000	BGA25-5x5-2.5	2500
004871	DASP_1721	5	2024-04-15 16:45:29.49109	7	0	2.0000000000000000	QFN11-3.6X4.5_REF	2000
005140	DARA_1241	36	2024-06-17 08:32:19.597303	7	0	0.90000000000000000000	QFN24-5X5	900
001843	DDAT_1243	507	2023-03-07 10:37:07.909054	7	35.2226115552662	1.1000000000000000	TSOP48-BW:18.4	1100
002173	DXXX_1331	6	2023-03-31 10:12:55.074498	365	39.9783007042824	0.85000000000000000000	QFN64-9X9	850
004872	DASP_1726	10	2024-04-15 16:46:56.753672	7	0	0.75000000000000000000	DFN8D-3x3	750
002281	DXXX_0992	12	2023-04-14 09:04:21.556126	3	346.260994503414	2.9300000000000000	BGA1156-35x35-1.0(h=2.9)	2930
004648	DARA_1116	3	2024-02-12 15:27:12.468159	7	0.000127845706018519	0.80000000000000000000	QFN16-3X3	800
002176	DXXX_1142	3000	2023-04-03 08:56:03.249856	365	0.00338104809027778	0.80000000000000000000	QFN24-4X4	800
002325	DXXX_1068	60	2023-04-24 08:53:15.15651	7	0	0.90000000000000000000	QFN32-5X5	900
002623	DXXX_0715	1	2023-06-02 15:03:24.766246	7	107.93360622287	0.78000000000000000000	QFN12-3X3	780
002889	DARA_1190	108	2023-06-30 13:44:07.328441	7	0	0.80000000000000000000	QFN24-4X4	800
002280	DXXX_0992	168	2023-04-14 09:01:27.029562	3	7.20862037037037e-05	2.9300000000000000	BGA1156-35x35-1.0(h=2.9)	2930
002282	DXXX_0992	168	2023-04-14 09:07:26.214837	3	0.00020564787037037	2.9300000000000000	BGA1156-35x35-1.0(h=2.9)	2930
002199	DDPR_1506	31	2023-04-03 10:34:06.216865	7	590.13361340662	1.5000000000000000	LQFP64-0.50	1500
002283	DXXX_0992	8	2023-04-14 09:09:39.466724	3	354.05961327559	2.9300000000000000	BGA1156-35x35-1.0(h=2.9)	2930
002326	DXXX_1068	2	2023-04-24 08:53:51.317246	7	0	0.90000000000000000000	QFN32-5X5	900
002327	DXXX_1068	48	2023-04-24 08:57:30.075177	7	0	0.90000000000000000000	QFN32-5X5	900
002432	DASP_1668	2	2023-05-15 09:34:20.792601	365	22.112053961956	0.80000000000000000000	SOT-23_5_08.opt	800
002351	DXXX_0964	25	2023-04-28 11:07:48.629624	7	0	1.7500000000000000	QFN28-7X7-REF	1750
002633	DXXX_0456	65	2023-06-02 15:13:45.108814	0	159.051767077639	0.80000000000000000000	QFN24-4X4	800
003419	DARA_1115	4	2023-09-01 11:45:31.488246	7	67.9554634306597	0.90000000000000000000	QFN32-5X5.meh	900
004415	DDIM_1705	4	2024-01-26 10:29:08.365488	365	4.97767152300926	0.40000000000000000000	QFN12-1.65x1.65	400
002890	DARA_1190	3	2023-06-30 13:44:29.759717	7	69.0777624322917	0.80000000000000000000	QFN24-4X4	800
002891	DARA_1190	17	2023-06-30 13:44:52.054859	7	0	0.80000000000000000000	QFN24-4X4	800
002027	DARA_0965	2	2023-03-20 14:08:09.567543	7	388.421716174734	0.90000000000000000000	QFN32-5X5.meh	900
002893	DARA_1190	20	2023-06-30 13:45:44.918304	7	297.206009216563	0.80000000000000000000	QFN24-4X4	800
002913	DASP_1229	281	2023-10-20 09:22:11.687079	0	251.731540983796	0.75000000000000000000	DFN8D-3x3	750
004027	DDPM_1463	84	2023-11-14 14:22:06.050018	7	0	1.6000000000000000	LBGA484-19x19-1.6	1600
002892	DARA_1190	172	2023-06-30 13:45:22.400035	7	0	0.80000000000000000000	QFN24-4X4	800
002387	DDPM_1290	6	2023-05-08 09:49:26.141903	7	1.99475008709491	1.00000000000000000000	TQFP44-0.80	1000
002390	DDPM_0991	81	2023-05-08 14:39:13.024274	3	424.017658789005	2.4000000000000000	BGA484-22x22-1.0(h=2.4)	2400
002389	DDPM_0991	6	2023-05-08 14:37:29.332743	3	213.751426424607	2.4000000000000000	BGA484-22x22-1.0(h=2.4)	2400
003105	DASP_0672	155	2023-07-28 13:33:49.240519	0	41.2574634574769	0.78000000000000000000	QFN16-4X4	780
002642	OPGD_0137	1	2023-06-05 10:42:55.169097	7	248.674300992407	1.3000000000000000	Diode 3.2x2.7	1300
003107	DDPM_1463	4	2023-07-28 13:51:05.148265	7	0	1.6000000000000000	LBGA484-19x19-1.6	1600
003108	DDPM_1463	5	2023-07-28 13:53:43.360893	7	220.963171422801	1.6000000000000000	LBGA484-19x19-1.6	1600
001454	DASP_0903	2	2023-02-20 10:56:09.347178	365	117.504532504907	0.90000000000000000000	TSSOP08-0.65-BW:3.2	900
001679	DARA_1281	82	2023-02-28 08:52:49.245281	0	219.93617413412	0.90000000000000000000	QFN32-5X5	900
002505	DDPM_0947	35	2023-05-22 08:42:55.676061	7	0	1.4800000000000000	BGA400-17x17-0.8(d=0.5)	1480
002504	DDPM_0947	5	2023-09-19 10:51:50.593985	7	174.181721955347	1.4800000000000000	BGA400-17x17-0.8(d=0.5)	1480
002634	DXXX_1029	184	2023-06-02 15:20:22.2064	365	178.800746821968	0.90000000000000000000	QFN32-5X5	900
002506	DDPM_0947	100	2023-05-22 08:44:00.122453	7	373.040778572951	1.4800000000000000	BGA400-17x17-0.8(d=0.5)	1480
002894	DXXX_1363	500	2023-06-30 13:47:18.508463	7	0	0.80000000000000000000	QFN24-4X4	800
005074	DASP_1374	118	2024-05-31 08:44:14.434631	3	0	2.5000000000000000	BGA25-5x5-2.5	2500
002635	DXXX_1029	250	2023-06-02 15:21:08.525321	365	0	0.90000000000000000000	QFN32-5X5	900
003007	DARA_1449	7	2023-07-17 14:16:30.939428	7	0	0.80000000000000000000	QFN24-4X4	800
002508	DARA_1190	24	2023-05-22 09:45:25.405725	7	7.21292926094907	0.80000000000000000000	QFN24-4X4	800
002531	DXXX_1049	4	2023-05-25 10:51:21.638946	7	182.132975770185	0.80000000000000000000	QFN24-4X4	800
000259	DXXX_0789	8	2023-01-13 12:50:05.455464	7	0	0.80000000000000000000	QFN24-4X4	800
002622	DXXX_0715	9	2023-08-07 19:09:20.3178	7	40.0039963923843	0.78000000000000000000	QFN12-3X3	780
006185	DASP_0860	3000	2024-11-20 09:56:39.316587	365	0	0.90000000000000000000	QFN10-3.6X3.6	900
003379	DDXX_1587	300	2023-08-21 08:58:45.221149	3	0	2.6000000000000000	MXL1105L	2600
003378	DDXX_1587	300	2023-08-21 08:37:54.55202	3	0	2.6000000000000000	MXL1105L	2600
002766	DARA_1092	1399	2023-06-16 12:00:22.764364	0	509.252069127836	0.80000000000000000000	QFN8-3X3.opt	800
002765	DARA_1092	1500	2023-06-16 11:59:48.731041	7	0	0.80000000000000000000	QFN8-3X3.opt	800
003840	DARA_1190	2	2023-10-20 13:32:05.446717	0	12.8197986681481	0.80000000000000000000	QFN24-4X4	800
006186	DASP_0860	3000	2024-11-20 09:58:03.634867	365	0	0.90000000000000000000	QFN10-3.6X3.6	900
004113	DAOP_0421	1563	2024-03-14 17:51:07.296679	0	15.3755737027315	1.5500000000000000	SO8	1550
002769	DASP_1143	250	2023-06-16 12:03:08.160845	365	0	0.90000000000000000000	QFN20-5X5	900
002768	DASP_1143	250	2023-06-16 12:02:34.929412	365	0	0.90000000000000000000	QFN20-5X5	900
002767	DASP_1143	250	2023-06-16 12:02:10.996512	365	0	0.90000000000000000000	QFN20-5X5	900
004446	CUNI_4177	1550	2024-01-30 13:30:11.999659	7	0	2.7500000000000000	2923-2.75	2750
002636	DXXX_1029	250	2023-06-02 15:22:20.317305	365	0	0.90000000000000000000	QFN32-5X5	900
002770	DASP_1143	250	2023-06-16 12:03:36.29596	365	0	0.90000000000000000000	QFN20-5X5	900
002771	DASP_1143	250	2023-06-16 12:04:28.506427	365	0	0.90000000000000000000	QFN20-5X5	900
002703	DXXX_1189	275	2024-09-27 15:06:48.878594	7	32.6554843744097	0.90000000000000000000	QFN32-5X5	900
002772	DASP_1143	250	2023-06-16 12:04:52.215117	365	0	0.90000000000000000000	QFN20-5X5	900
002773	DASP_1143	250	2023-06-16 12:05:18.350456	365	0	0.90000000000000000000	QFN20-5X5	900
002666	DXXX_1028	50	2023-06-06 11:48:21.601469	365	24.1219987373843	0.80000000000000000000	QFN16-3X3	800
002774	DASP_1143	250	2023-06-16 12:05:40.318677	365	0	0.90000000000000000000	QFN20-5X5	900
000293	MAPM_4044	100	2023-01-17 13:18:52.74902	7	328.781664130729	3.9000000000000000	SKU_REF	3900
000302	DXXX_0676	3	2023-01-17 15:05:13.939089	7	310.775689992893	0.90000000000000000000	QFN32-5X5	900
002775	DXXX_1234	5	2023-06-16 12:08:27.061991	7	250.076942051053	0.80000000000000000000	QFN72-0.5	800
001053	DARA_1024	330	2023-02-06 11:53:22.583753	0	533.140743341875	1.5000000000000000	SOT-89-B1JEDEC	1500
002419	DASP_0708	732	2023-05-11 11:42:10.174252	365	151.072442407419	1.1000000000000000	TSSOP28-0.65-BW:4.5	1100
004683	DXXX_1093	263	2024-02-21 08:09:42.94148	0	96.2388642013657	0.90000000000000000000	QFN32-5X5	900
001090	DXXX_0628	98	2023-02-07 10:48:31.332851	0	530.33291829794	0.90000000000000000000	QFN32-5X5	900
002747	DXXX_1157	23	2023-06-14 14:32:32.431159	3	6.29212731481481e-05	2.6500000000000000	BGA1440-38x38-0.8	2650
002748	DXXX_1157	99	2023-06-14 14:33:25.234742	3	0	2.6500000000000000	BGA1440-38x38-0.8	2650
001835	DARA_1190	1	2023-03-06 13:33:54.628578	7	278.83640563735	0.80000000000000000000	QFN24-4X4	800
005823	DARA_1045	336	2024-10-07 19:55:49.286097	365	0	1.00000000000000000000	SOT-363.opt	1000
003487	DXXX_1512	5	2023-09-18 11:40:25.603219	7	0	0.78000000000000000000	QFN12-3X3.opt	780
001725	DDPR_0886	38	2023-03-01 14:27:48.520458	0	109.906123152245	0.85000000000000000000	QFN64-9X9	850
002749	DXXX_1157	189	2023-06-14 14:34:07.187108	3	0	2.6500000000000000	BGA1440-38x38-0.8	2650
004722	DARA_1614	4	2024-03-06 09:17:37.890334	7	42.0501460468056	0.78000000000000000000	QFN12-3X3	780
002750	DXXX_1157	189	2023-06-14 14:35:11.425528	3	0	2.6500000000000000	BGA1440-38x38-0.8	2650
004075	DARA_1462	18	2023-11-21 09:26:20.312196	0	181.002442901065	0.80000000000000000000	QFN16-3X3	800
004267	DARA_1042	272	2024-09-16 07:17:15.806782	7	0	0.90000000000000000000	QFN28-0.65	900
003488	DXXX_1512	7	2023-09-18 11:41:23.127487	7	3.99543392237269	0.78000000000000000000	QFN12-3X3.opt	780
003159	DARA_1190	10	2023-08-04 16:35:31.821807	7	202.04263532331	0.80000000000000000000	QFN24-4X4	800
002631	DXXX_0456	7	2023-06-02 15:12:23.749862	7	59.449275787419	0.80000000000000000000	QFN24-4X4	800
002752	DDPM_1287	5	2023-06-14 16:45:11.696741	3	0	3.1500000000000000	BGA900-30x30-1.0_3.15H	3150
003161	DARA_1190	32	2023-08-04 16:37:08.394482	7	464.678967867963	0.80000000000000000000	QFN24-4X4	800
003506	DARA_1653	20	2023-11-13 09:36:21.34131	7	0	1.4000000000000000	QFN20-7X1.4_Ref	1400
003489	DXXX_1028	250	2023-09-18 11:50:55.910605	365	0	0.80000000000000000000	QFN16-3X3	800
002997	DXXX_0775	250	2023-07-14 11:26:35.028854	7	0	0.90000000000000000000	QFN48-7.1x7.1.opt	900
002990	DAKO_1651	25	2023-07-12 15:00:55.84788	365	15.9313687860301	1.00000000000000000000	SOT-353	1000
003490	DXXX_1028	250	2023-09-18 11:51:07.230224	365	0	0.80000000000000000000	QFN16-3X3	800
000563	CUNI_1525	424	2023-01-20 12:31:42.310491	0	266.03958735838	1.00000000000000000000	0805-10	1000
003491	DXXX_1028	173	2023-09-18 11:52:36.158829	365	222.008364557025	0.80000000000000000000	QFN16-3X3	800
002998	DXXX_0775	250	2023-07-14 11:27:59.643023	7	0	0.90000000000000000000	QFN48-7.1x7.1.opt	900
002910	DAKO_1651	24	2023-07-03 15:42:49.573806	365	106.031570739074	1.00000000000000000000	SOT-353	1000
003000	DASP_1145	2500	2023-07-14 11:31:58.70334	365	0	1.4000000000000000	QFN22-6X5	1400
003001	DASP_1145	2500	2023-07-14 11:32:59.77506	365	0	1.4000000000000000	QFN22-6X5	1400
002637	DXXX_1029	140	2023-06-02 15:22:58.803415	365	187.89059790625	0.90000000000000000000	QFN32-5X5	900
001973	DARA_1636	14	2023-03-14 16:27:55.585006	7	356.813539329572	0.90000000000000000000	QPQ4900	900
003014	DASP_1230	20	2023-07-19 09:04:09.176296	365	218.338953933275	1.5000000000000000	PLQFN-N40	1500
003036	DDIM_0897	19	2023-07-24 10:38:39.289808	7	170.948773914433	0.90000000000000000000	QFN32-5X5.opt	900
005236	DARA_1743	15	2024-07-10 16:38:50.682477	7	0	0.80000000000000000000	QFN16-0.5	800
003380	DDXX_1587	300	2023-08-21 09:00:13.0246	3	0	2.6000000000000000	MXL1105L	2600
003382	DDXX_1587	138	2023-08-21 09:04:46.878215	3	0	2.6000000000000000	MXL1105L	2600
003381	DDXX_1587	300	2023-08-21 09:03:05.222368	3	0	2.6000000000000000	MXL1105L	2600
003501	DDPR_1271	15	2023-09-18 13:22:33.137448	7	252.806064297789	1.4000000000000000	LQFP100-0.50	1400
003039	OPGD_0065	8	2023-07-24 10:46:46.02605	365	190.982589966748	1.1000000000000000	D0805-0.75	1100
003494	DDAT_0938	41	2023-09-18 12:04:51.712986	7	0.000240644456018519	1.1000000000000000	BGA60-10x8-0.8	1100
002989	OPFD_4156	10	2023-07-12 15:00:00.836746	3	56.008498704456	1.1000000000000000	5042-11	1100
005079	DARA_1241	10	2024-05-31 14:41:41.557424	7	0	0.90000000000000000000	QFN24-5X5	900
004887	DDAT_1467	5	2024-04-16 15:39:53.394818	7	0	1.00000000000000000000	BGA153L_H1	1000
005080	DARA_1241	3	2024-05-31 14:44:09.282847	7	0	0.90000000000000000000	QFN24-5X5	900
005081	DARA_1241	14	2024-05-31 14:44:43.395844	7	0	0.90000000000000000000	QFN24-5X5	900
003503	DARA_1401	5	2023-09-19 11:52:12.785223	0	25.2845700004398	1.5000000000000000	SOT-89	1500
002081	LUNI_0318	9	2023-03-24 14:10:21.173028	7	118.067868530741	3.1000000000000000	1812-31.meh	3100
005082	DXXX_0631	26	2024-05-31 14:47:18.478158	7	45.6661170926042	0.78000000000000000000	QFN12-3X3	780
002701	DASP_1176	462	2023-06-12 10:54:57.587402	0	3.14620540454861	0.95000000000000000000	QFN10-3X3	950
003498	DDPR_1155	19	2023-09-18 13:17:29.512058	7	293.829825946991	1.4000000000000000	LQFP144-0.50	1400
003497	DDPM_1238	8	2023-09-18 13:16:33.312805	7	0	3.1500000000000000	BGA900-30x30-1.0_3.15H	3150
002381	DARA_1117	5	2023-12-12 10:38:04.634473	7	0	0.90000000000000000000	QFN40-6X6	900
005084	DDPR_1255	14	2024-05-31 14:51:42.581833	7	138.760516452477	0.55000000000000000000	QFN32-5X5_0.55h	550
003499	DDPR_1155	120	2023-09-18 13:19:13.861402	7	0	1.4000000000000000	LQFP144-0.50	1400
002755	DARA_1401	22	2023-06-15 14:56:56.042033	1	38.7233319168634	1.5000000000000000	SOT-89	1500
003076	DARA_1468	12	2023-07-26 11:02:27.388725	7	204.945346800174	0.78000000000000000000	QFN12-3X3	780
001483	DXXX_1322	245	2023-02-21 11:12:00.176777	0	178.194074872465	0.75000000000000000000	DFN6-4X2.8	750
002264	DXXX_0715	1	2023-04-12 10:10:14.57644	7	159.137181857465	0.78000000000000000000	QFN12-3X3	780
003077	DARA_0657	393	2023-07-26 11:31:23.24317	7	209.161492080521	1.00000000000000000000	TSSOP16-0.65-BW:5.1	1000
003500	DDPR_1271	1	2023-09-18 13:21:57.138533	7	251.662561040706	1.4000000000000000	LQFP100-0.50	1400
003839	DAKO_1651	7	2023-10-20 09:07:24.320093	365	242.253096264803	1.00000000000000000000	SOT-353	1000
006015	VTAF_0156	250	2024-10-24 10:13:10.241056	7	0	0.90000000000000000000	DFN12D-3x4	900
004192	DAOP_1022	8	2023-12-12 10:04:48.35389	365	0	1.00000000000000000000	SOT-23_6	1000
003445	DASP_0910	250	2023-09-11 09:22:24.315043	365	0	0.95000000000000000000	QFN10-3X3	950
006016	VTAF_0156	250	2024-10-24 10:13:22.235202	7	0	0.90000000000000000000	DFN12D-3x4	900
003444	DASP_0910	250	2023-09-11 09:21:46.916242	365	4.62244212962963e-05	0.95000000000000000000	QFN10-3X3	950
002174	DXXX_244	24	2023-03-31 17:02:35.217718	7	168.689900502002	0.78000000000000000000	QFN12-3X3	780
004193	DAOP_1022	65	2023-12-12 10:05:30.536517	365	302.272991735556	1.00000000000000000000	SOT-23_6	1000
004194	DAOP_1022	250	2023-12-12 10:06:30.479411	365	0	1.00000000000000000000	SOT-23_6	1000
003095	DASP_1294	10	2023-07-28 09:23:45.146236	365	0	0.75000000000000000000	SON	750
004427	DARA_1240	36	2024-01-29 12:06:02.067566	7	0	1.3500000000000000	QFN16-6x6.meh	1350
004195	DAOP_1022	250	2023-12-12 10:07:04.896171	365	0	1.00000000000000000000	SOT-23_6	1000
003454	DXXX_0876	70	2023-09-13 09:45:33.34044	7	318.019268165984	1.3500000000000000	QFN16-6x6.meh	1350
005491	QFXX_3538	9	2024-08-02 10:33:52.261937	365	3.96606140856481	1.1000000000000000	X3C19F1	1100
004428	DARA_1240	10	2024-01-29 12:06:35.536691	7	0	1.3500000000000000	QFN16-6x6.meh	1350
002627	DASP_1059	1462	2023-06-02 15:08:17.177777	7	364.993584438831	0.80000000000000000000	QFN8-3X3	800
004197	DASP_0971	250	2023-12-12 10:08:54.22179	365	0	1.7000000000000000	T0-6	1700
001726	DARA_0880	208	2023-11-10 15:47:41.68341	0	153.385720697523	0.90000000000000000000	QFN40-6X6	900
005545	DASP_1668	392	2024-08-16 08:32:13.963147	365	0.000141366261574074	0.80000000000000000000	SOT-23_5_08.opt	800
004196	DASP_1527	30	2023-12-12 10:08:02.324693	7	0	1.5000000000000000	QFN24-4X4-H:1.5	1500
001687	DARA_1488	10	2023-02-28 09:06:59.511587	7	196.200119234155	0.80000000000000000000	QFN32-0.5	800
004198	DASP_0971	250	2023-12-12 10:09:39.44571	365	0	1.7000000000000000	T0-6	1700
004429	DARA_1240	100	2024-01-29 12:08:30.944113	7	0	1.3500000000000000	QFN16-6x6.meh	1350
003387	DXXX_1141	1321	2023-08-21 16:16:28.156277	0	225.951439754213	0.80000000000000000000	QFN16-0.5	800
004239	DASP_1207	388	2024-01-02 13:29:52.413464	365	2.035234043125	0.90000000000000000000	QFN20-5X5	900
004396	LUNI_0318	2	2024-01-24 09:24:10.752779	0	0	3.1000000000000000	1812-31.meh	3100
003386	DARA_1614	8	2023-08-21 16:20:34.190791	7	31.8016356796296	0.78000000000000000000	QFN12-3X3	780
004430	DARA_1240	54	2024-01-29 12:09:42.408275	7	0	1.3500000000000000	QFN16-6x6.meh	1350
003388	DXXX_1141	1500	2023-08-21 16:17:25.111177	7	0	0.80000000000000000000	QFN16-0.5	800
004199	DASP_0971	250	2023-12-12 10:10:17.596663	365	0	1.7000000000000000	T0-6	1700
004431	DARA_1240	100	2024-01-29 12:10:21.596605	7	0	1.3500000000000000	QFN16-6x6.meh	1350
003143	OPGD_0054	387	2023-08-02 09:04:20.713872	7	9.191298711875	1.00000000000000000000	D0603-04.opt	1000
003994	DARA_1071	11	2023-11-09 13:51:19.039377	7	61.8715186627431	0.90000000000000000000	QFN24-5X5	900
003401	DXXX_1212	440	2023-08-25 09:04:53.615651	7	430.324990189306	0.90000000000000000000	QFN32-5X5	900
004432	DDAT_0853	60	2024-01-29 12:24:00.014734	7	0	1.1000000000000000	TSOP48-BW:18.4	1100
004399	DASP_1144	15	2024-01-24 10:04:05.5898	365	19.89948898125	0.60000000000000000000	QFN8-2.1X2.1	600
003351	DARA_1240	62	2023-08-14 08:34:32.016269	7	0	1.3500000000000000	QFN16-6x6.meh	1350
003347	DARA_1240	4	2023-08-14 08:28:03.239571	7	0	1.3500000000000000	QFN16-6x6.meh	1350
003349	DARA_1240	100	2023-08-14 08:31:03.100567	7	0.000306750590277778	1.3500000000000000	QFN16-6x6.meh	1350
003348	DARA_1240	87	2023-08-14 08:30:00.78287	7	0	1.3500000000000000	QFN16-6x6.meh	1350
003350	DARA_1240	47	2023-08-14 08:33:03.063641	7	0	1.3500000000000000	QFN16-6x6.meh	1350
003412	DDPR_1089	820	2023-08-25 15:45:56.083813	7	0	1.00000000000000000000	BGA216-13x13-0.8	1000
003410	DDXX_1586	138	2023-08-25 10:28:24.06045	3	340.25159309515	2.7000000000000000	BGA625-23x23-1.27	2700
003408	DDXX_1586	200	2023-08-25 10:24:08.815615	3	0	2.7000000000000000	BGA625-23x23-1.27	2700
001279	DXXX_0629	1	2023-09-29 13:47:35.322532	0	13.9160817935995	1.00000000000000000000	QFN20-4X4	1000
004401	DASP_1668	1000	2024-01-24 10:38:15.009683	365	280.943298244942	0.80000000000000000000	SOT-23_5_08.opt	800
003409	DDXX_1586	200	2023-08-25 10:26:21.87488	3	0	2.7000000000000000	BGA625-23x23-1.27	2700
005686	DDPR_1271	237	2024-09-13 14:11:47.283163	7	0.000110032962962963	1.4000000000000000	LQFP100-0.50	1400
002510	DXXX_1344	7	2023-05-22 09:53:53.547707	7	110.261540239688	0.78000000000000000000	QFN12-3X3_REF	780
002572	OPGD_0114	31	2024-02-13 16:19:23.419154	7	262.913391309398	1.00000000000000000000	D1208-09	1000
002665	DASP_1230	2	2023-06-06 11:47:34.553324	365	89.9124384625694	1.5000000000000000	PLQFN-N40	1500
002028	DARA_1020	9	2023-03-20 14:13:08.835695	0	176.366825243935	1.3500000000000000	QFN16-6x6.meh	1350
004141	DASP_1668	144	2023-12-05 10:02:01.126434	365	10.3030110726389	0.80000000000000000000	SOT-23_5_08.opt	800
001664	DXXX_0635	8	2023-02-27 13:50:53.321436	0	17.9650457192824	0.90000000000000000000	QFN32-5X5	900
001750	DDXX_1644	3	2023-03-02 10:00:45.103952	365	160.977913819595	0.80000000000000000000	SOT-23F	800
001285	DARA_0800	9	2023-11-17 10:13:42.889279	7	18.1657310189931	0.80000000000000000000	QFN16-3X3	800
002490	DDPM_0947	3	2023-05-18 16:06:49.814364	7	201.908245453843	1.4800000000000000	BGA400-17x17-0.8(d=0.5)	1480
002189	DXXX_0944	24	2023-04-03 09:37:35.050769	7	348.159456065498	1.6000000000000000	BGA256-17x17-1.0	1600
004140	OPFD_4156	20	2023-12-05 10:01:24.768986	3	43.9544535570833	1.1000000000000000	5042-11	1100
002200	DASP_0859	7	2023-04-04 09:56:53.28945	0	16.4893358136921	0.90000000000000000000	QFN10-3.6X3.6	900
004402	DASP_0895	536	2024-05-28 10:49:45.789527	365	36.2372269784954	0.90000000000000000000	QFN40-6X6	900
003740	DDAT_0937	6	2023-10-09 16:03:27.232027	7	254.759366638681	0.95000000000000000000	BGA84-8x12.5-0.8	950
004273	DASP_1145	2500	2024-01-02 14:03:38.615623	365	0	1.4000000000000000	QFN22-6X5	1400
006002	OPGD_0065	600	2024-10-21 09:05:28.708078	7	0	1.1000000000000000	D0805-0.75	1100
003556	DDAT_1366	742	2024-07-19 15:39:13.51587	7	16.843626684213	2.5000000000000000	SO-16.opt	2500
002207	DDXX_1406	2	2023-04-04 12:19:58.864778	3	334.155227267153	3.3000000000000000	BGA1600-40x40-1.0x	3300
000253	DDPR_1089	18	2023-01-12 11:52:17.109416	7	461.976018752882	1.00000000000000000000	BGA216-13x13-0.8	1000
003458	DXXX_0946	17	2023-09-13 14:55:19.589946	7	115.601535572095	1.7000000000000000	BGA121-11x11-1.0-h1.7	1700
004207	DDPM_1290	8	2023-12-14 09:28:51.860747	7	25.9837100119907	1.00000000000000000000	TQFP44-0.80	1000
003179	DXXX_1276	10	2023-08-07 08:46:03.894766	0	283.245528512477	0.90000000000000000000	QFN32-5X5	900
005553	DARA_1740	40	2024-08-16 16:13:55.866523	7	6.93269298695602	1.00000000000000000000	QFN20-4X4	1000
003787	DARA_1691	12	2023-10-16 11:01:39.841274	7	0	0.90000000000000000000	QFN32-5X5.meh	900
001276	OPGD_0202	20	2023-07-06 10:49:00.450385	7	232.300291341505	0.75000000000000000000	D0805_L	750
004352	DARA_1709	3	2024-01-15 15:14:02.9641	7	50.7829192108565	0.90000000000000000000	QFN48-7.1x7.1	900
004211	DXXX_1331	8	2023-12-14 09:31:27.06571	365	25.9818244055324	0.85000000000000000000	QFN64-9X9	850
004214	OPGD_0137	2	2023-12-14 09:33:28.158814	7	69.1559051568981	1.3000000000000000	Diode 3.2x2.7	1300
004213	OPGD_0137	28	2023-12-14 09:32:55.231001	7	0	1.3000000000000000	Diode 3.2x2.7	1300
005224	CUNI_2112	1900	2024-07-04 13:18:41.842703	3	125.2339561664	1.6000000000000000	1206-16	1600
004221	DXXX_1157	87	2023-12-14 09:37:55.994221	3	0	2.6500000000000000	BGA1440-38x38-0.8	2650
004000	DAOP_0421	2	2023-11-10 14:41:28.041706	7	15.8074111698148	1.5500000000000000	SO8	1550
002940	VTAF_0156	5	2023-07-06 12:19:22.441343	7	118.147461518426	0.90000000000000000000	DFN12D-3x4	900
002507	DDPM_0947	6	2023-05-22 08:45:12.186487	7	363.187913870938	1.4800000000000000	BGA400-17x17-0.8(d=0.5)	1480
004222	DXXX_1157	35	2023-12-14 09:38:45.746308	3	0	2.6500000000000000	BGA1440-38x38-0.8	2650
004223	DXXX_1157	189	2023-12-14 09:40:43.312801	3	0	2.6500000000000000	BGA1440-38x38-0.8	2650
004224	DXXX_1157	189	2023-12-14 09:41:48.193607	3	0	2.6500000000000000	BGA1440-38x38-0.8	2650
004002	DXXX_0715	6	2023-11-10 15:12:38.153412	7	0	0.78000000000000000000	QFN12-3X3	780
004003	DXXX_1421	4	2023-11-10 15:17:17.258846	7	0	0.78000000000000000000	QFN12-3X3_1.2.opt	780
004004	DXXX_1421	1	2023-11-10 15:18:03.238424	7	0	0.78000000000000000000	QFN12-3X3_1.2.opt	780
004710	DASP_1123	2268	2024-03-04 09:55:17.073212	365	0	0.90000000000000000000	QFN20-5X5	900
004007	DASP_1123	3000	2023-11-10 15:33:16.266758	365	0	0.90000000000000000000	QFN20-5X5	900
004006	DASP_1123	3000	2023-11-10 15:31:37.30693	365	0	0.90000000000000000000	QFN20-5X5	900
003788	DDPR_1255	294	2023-10-16 11:02:39.065974	7	140.174414026725	0.55000000000000000000	QFN32-5X5_0.55h	550
001938	DXXX_1093	11	2023-11-17 10:24:37.651622	0	0	0.90000000000000000000	QFN32-5X5	900
003893	DARA_1665	15	2023-10-25 11:27:58.532375	7	0	1.4000000000000000	QFN20-7X1.4_Ref	1400
005102	DARA_0800	44	2024-06-11 12:02:54.1946	0	63.785036744213	0.80000000000000000000	QFN16-3X3	800
004127	DARA_1071	10	2023-12-04 10:27:30.446677	7	144.234678113137	0.90000000000000000000	QFN24-5X5	900
004047	DARA_1241	12	2023-11-17 09:57:26.198813	7	118.021169628021	0.90000000000000000000	QFN24-5X5	900
005103	DARA_0800	7	2024-06-11 12:03:16.827038	7	148.902296778148	0.80000000000000000000	QFN16-3X3	800
006236	DXXX_1609	520	2024-11-27 13:47:52.061708	7	0	0.90000000000000000000	QFN48-7.1x7.1.opt	900
004050	OPGD_0130	2000	2023-11-17 11:36:58.521568	7	128.995767648866	1.00000000000000000000	0603-10	1000
002885	DXXX_1344	42	2024-01-31 18:24:21.410804	7	26.9845788379514	0.78000000000000000000	QFN12-3X3_REF	780
000793	DARA_1422	7	2023-01-31 11:01:43.780229	7	620.384885486655	0.78000000000000000000	QFN12-3X3	780
005518	OPGD_0130	558	2024-08-08 16:08:19.686898	7	63.9613416967361	1.00000000000000000000	0603-10	1000
004054	OPGD_0130	2000	2023-11-17 11:41:32.556535	7	128.992983353484	1.00000000000000000000	0603-10	1000
002792	OPGD_0131	182	2023-06-19 14:14:06.549631	0	233.275662720093	4.0000000000000000	Diode 4x4mm	4000
004902	DARA_1401	5	2024-04-19 09:41:27.538982	0	95.2105673737847	1.5000000000000000	SOT-89	1500
002100	DXXX_0993	80	2023-03-27 14:04:28.936509	7	549.695180030637	0.80000000000000000000	QFN24-4X4	800
004417	DASP_0603	1	2024-01-26 10:51:24.067044	365	24.1043259161921	0.90000000000000000000	TSSOP08-0.65-BW:3.2	900
004200	DASP_0971	168	2023-12-12 10:10:58.939715	365	136.082790261481	1.7000000000000000	T0-6	1700
004310	DARA_0800	6	2024-01-09 12:04:26.515573	7	29.8224049437037	0.80000000000000000000	QFN16-3X3	800
004888	DASP_1668	57	2024-04-16 15:48:19.59555	365	2.9221091921875	0.80000000000000000000	SOT-23_5_08.opt	800
004308	DAOP_0758	25	2024-01-09 12:02:42.934715	365	0	0.80000000000000000000	QFN16-3X3	800
004309	DXXX_0769	10	2024-01-09 12:02:04.399054	365	0	0.90000000000000000000	QFN32-5X5	900
004808	DASP_1143	30	2024-03-26 13:49:38.817315	365	0	0.90000000000000000000	QFN20-5X5	900
002881	DXXX_1030	175	2023-06-30 13:37:41.27015	28	350.072573411238	0.85000000000000000000	QFN64-9X9	850
004101	DXXX_1148	520	2023-11-28 08:50:05.705945	365	0	0.85000000000000000000	QFN64-9X9	850
004098	DXXX_1148	260	2023-11-28 08:46:53.308857	365	0	0.85000000000000000000	QFN64-9X9	850
004100	DXXX_1148	260	2023-11-28 08:48:33.308215	365	0	0.85000000000000000000	QFN64-9X9	850
004102	DXXX_1148	260	2023-11-28 08:51:44.855711	365	0	0.85000000000000000000	QFN64-9X9	850
004985	DARA_0965	1	2024-05-10 09:40:42.733448	7	72.1155757201042	0.90000000000000000000	QFN32-5X5.meh	900
005550	CUNI_1470	2951	2024-08-20 09:13:25.8955	365	86.1970369594329	1.00000000000000000000	0805-09.light	1000
002244	DXXX_0575	1	2023-04-11 16:10:36.579313	365	412.957888504641	1.2000000000000000	SOT-23-5.opt	1200
002841	DARA_1269	5	2023-06-28 09:44:12.489411	7	384.254513468287	0.90000000000000000000	QFN32-5X5	900
004251	DARA_1701	1	2023-12-21 09:42:02.346643	7	0	2.0000000000000000	!DUMMY	2000
004252	DDXX_1587	300	2023-12-21 10:16:19.451256	3	0	2.6000000000000000	MXL1105L	2600
004253	DDXX_1587	300	2023-12-21 10:18:28.5412	3	0	2.6000000000000000	MXL1105L	2600
004254	DDXX_1587	300	2023-12-21 10:19:18.828641	3	0	2.6000000000000000	MXL1105L	2600
004255	DDXX_1587	300	2023-12-21 10:20:06.555566	3	0	2.6000000000000000	MXL1105L	2600
003446	DASP_0910	50	2023-09-11 09:22:58.978364	365	435.143609603947	0.95000000000000000000	QFN10-3X3	950
005057	DARA_1432	32	2024-05-29 09:26:58.786865	7	104.563171044734	1.8000000000000000	QFN20-5X5.5	1800
004664	DARA_1471	10	2024-07-23 09:51:20.297629	7	0	3.0000000000000000	QFN50	3000
003195	DDAT_1466	225	2023-08-08 10:37:34.480495	7	260.582221318299	0.75000000000000000000	WSON_8X6	750
004822	OPFD_4156	36	2024-04-02 12:38:39.896461	3	72.7636264073032	1.1000000000000000	5042-11	1100
005014	DARA_1241	10	2024-05-20 13:47:55.996366	7	1.82659717902778	0.90000000000000000000	QFN24-5X5	900
002965	DASP_1265	1730	2023-07-07 14:48:25.14185	0	25.9041146933565	1.00000000000000000000	QFN20-4X4	1000
004436	CELE_0823	12	2024-01-30 10:21:45.562654	7	198.391590610637	2.9000000000000000	CTD_melns korp h2.9	2900
004438	OPGD_0137	33	2024-01-30 10:24:54.632117	7	51.1726730318519	1.3000000000000000	Diode 3.2x2.7	1300
004388	DXXX_0942	22	2024-01-22 09:05:58.222701	365	179.26365818103	0.80000000000000000000	QFN24-4X4	800
004389	DARA_0474	300	2024-01-22 09:59:43.293785	7	0	0.80000000000000000000	QFN24-4X4	800
004043	OPGD_0065	9	2023-11-17 08:34:36.919788	365	22.0357984859722	1.1000000000000000	D0805-0.75	1100
005894	DASP_0603	664	2024-10-15 10:06:00.817617	365	10.0609312820602	0.90000000000000000000	TSSOP08-0.65-BW:3.2	900
003400	DXXX_1140	135	2023-08-25 08:59:52.914624	0	227.496753716262	0.90000000000000000000	QFN32-5X5	900
004720	DARA_1117	111	2024-03-05 10:39:47.559128	0	26.8271285923727	0.90000000000000000000	QFN40-6X6	900
004371	DARA_0800	154	2024-01-19 16:31:44.48118	0	27.1817474915972	0.80000000000000000000	QFN16-3X3	800
004577	DARA_1190	5	2024-02-05 09:02:53.665589	7	249.102134075116	0.80000000000000000000	QFN24-4X4	800
004580	DXXX_1363	162	2024-02-05 09:12:00.023615	7	256.268498318021	0.80000000000000000000	QFN24-4X4	800
003785	DASP_0751	10	2024-04-23 15:55:34.976954	7	18.9620958226852	0.75000000000000000000	DFN8D-3x3	750
003713	DXXX_0769	7	2023-10-03 13:43:17.031688	365	98.26318354625	0.90000000000000000000	QFN32-5X5	900
002159	DXXX_1150	106	2024-02-12 15:36:21.410966	365	82.4825430529861	1.1000000000000000	TSSOP48-0.50-BW:6.1	1100
004809	DASP_1144	95	2024-03-26 13:52:24.190769	365	0	0.60000000000000000000	QFN8-2.1X2.1	600
002621	DASP_0751	229	2023-06-02 15:01:47.465225	0	326.02672659331	0.75000000000000000000	DFN8D-3x3	750
002549	DDPR_1056	4	2023-05-26 15:33:42.747868	7	360.769109993553	1.5000000000000000	LQFP64-0.50	1500
002551	DDAT_1243	181	2023-05-26 15:39:40.540771	7	408.736272030035	1.1000000000000000	TSOP48-BW:18.4	1100
002104	DARA_0960	19	2023-03-27 14:06:59.919287	0	410.191631065035	0.90000000000000000000	QFN32-5X5.meh	900
004729	DXXX_1233	8	2024-03-08 13:39:33.976198	7	167.058756032755	0.85000000000000000000	QFN64-9X9	850
004579	DARA_1241	12	2024-02-05 09:08:35.323775	7	70.4761847851157	0.90000000000000000000	QFN24-5X5	900
004733	DDPR_1711	13	2024-03-12 14:21:19.270487	7	155.02418159316	1.00000000000000000000	TQFP64-0.50	1000
004026	DXXX_0629	433	2023-11-14 13:55:12.900948	0	124.706276398241	1.00000000000000000000	QFN20-4X4	1000
004876	DDAT_0945	10	2024-04-16 08:37:08.472536	7	0	1.5500000000000000	SO8	1550
004855	DXXX_1157	189	2024-04-11 10:08:37.108273	3	61.0237757022801	2.6500000000000000	BGA1440-38x38-0.8	2650
004776	DAXX_0798	10	2024-03-15 14:43:27.055949	7	195.831814569618	0.80000000000000000000	QFN16-3X3	800
004775	DAXX_0798	37	2024-03-15 14:42:22.48944	7	138.81904516265	0.80000000000000000000	QFN16-3X3	800
004777	DAXX_0798	45	2024-03-15 14:44:21.10194	7	0	0.80000000000000000000	QFN16-3X3	800
003360	DXXX_1277	221	2023-08-16 16:07:36.549587	0	17.7066782910185	0.90000000000000000000	QFN32-5X5	900
004870	DASP_1553	37	2024-04-15 16:44:02.796859	365	10.7836091902083	0.90000000000000000000	VQFN-HR_1h_REF	900
002101	DARA_1092	8	2024-05-21 11:36:24.079796	365	28.0610855041898	0.80000000000000000000	QFN8-3X3.opt	800
005695	DAKO_1651	3000	2024-09-16 16:12:52.546027	365	44.7111457302315	1.00000000000000000000	SOT-353	1000
004276	CUNI_4177	377	2024-01-02 14:19:31.255911	0	24.7408340861458	2.7500000000000000	2923-2.75	2750
002805	OPGD_0053	288	2023-11-08 17:02:05.785567	365	14.3513996534606	1.00000000000000000000	0603-10	1000
000254	DXXX_1142	32	2023-01-12 11:59:39.670079	365	219.945860005938	0.80000000000000000000	QFN24-4X4	800
004884	CUNI_4177	100	2024-04-16 11:17:21.333524	7	0	2.7500000000000000	2923-2.75	2750
005041	DDPR_1255	11	2024-05-24 15:53:56.136016	7	179.699521123275	0.55000000000000000000	QFN32-5X5_0.55h	550
002210	DASP_0903	515	2024-04-25 11:46:51.996783	365	0.000145872430555556	0.90000000000000000000	TSSOP08-0.65-BW:3.2	900
001689	DDPR_1089	10	2023-02-28 09:11:47.930383	7	471.116167181713	1.00000000000000000000	BGA216-13x13-0.8	1000
006044	DASP_0903	1000	2024-10-29 10:54:21.174662	365	0	0.90000000000000000000	TSSOP08-0.65-BW:3.2	900
002095	DASS_1526	475	2023-05-25 14:39:51.42653	7	400.966835470926	0.80000000000000000000	QFN16-3X3_mark	800
001833	DXXX_1142	1947	2023-03-06 13:31:56.021829	365	415.927337064375	0.80000000000000000000	QFN24-4X4	800
002526	DARA_1092	1	2023-05-24 10:29:55.113194	0	1.3955116533912	0.80000000000000000000	QFN8-3X3.opt	800
001632	DARA_1257	1066	2024-05-21 11:35:15.460243	365	180.749564795174	0.75000000000000000000	QFN20-5X5_h0.75	750
006046	DASP_1207	3000	2024-10-29 11:11:51.749694	365	0	0.90000000000000000000	QFN20-5X5	900
003390	DARA_1240	16	2023-08-21 16:30:31.731797	7	334.168810116933	1.3500000000000000	QFN16-6x6.meh	1350
002363	OPOP_2716	988	2023-12-12 13:53:25.67556	0	122.020452501875	0.78000000000000000000	QFN16-3X3_REF	780
004724	CELE_0800	273	2024-03-07 08:19:03.072319	0	156.791284685718	2.6000000000000000	CTC_melns korp	2600
001675	DARA_1023	1403	2024-05-21 08:23:10.421608	0	58.9034092462731	0.90000000000000000000	QFN32-5X5	900
005166	OPGD_0117	29	2024-06-19 14:24:47.177663	0	21.2454979862269	4.0000000000000000	Diode 4x4mm	4000
004368	OPGD_0055	27	2024-01-19 09:56:10.10245	7	152.863234715972	1.00000000000000000000	D0603-04.opt	1000
003164	DARA_1020	33	2023-08-04 16:45:18.297966	7	431.828562928391	1.3500000000000000	QFN16-6x6.meh	1350
003985	DARA_0474	6	2023-11-07 09:31:44.270568	7	247.221328534028	0.80000000000000000000	QFN24-4X4	800
003163	DAOP_0984	2651	2023-08-04 16:41:32.614107	365	451.183548276562	1.00000000000000000000	SOT-23_5	1000
001665	DARA_0966	32	2023-03-17 13:15:35.417822	0	0.99665116337963	0.90000000000000000000	QFN32-5X5.meh	900
005399	OPGD_0137	52	2024-07-19 11:38:47.585702	7	0	1.3000000000000000	Diode 3.2x2.7	1300
005511	OPGD_0054	1298	2024-08-08 16:00:51.249013	7	51.1022658744097	1.00000000000000000000	D0603-04.opt	1000
003655	DASP_1145	2122	2023-10-02 10:26:19.27458	365	224.197908305625	1.4000000000000000	QFN22-6X5	1400
002628	DASP_1059	603	2023-06-02 15:09:09.73069	365	415.242472850891	0.80000000000000000000	QFN8-3X3	800
002243	DXXX_0575	37	2023-04-11 16:09:19.186849	365	509.679557821088	1.2000000000000000	SOT-23-5.opt	1200
005561	DAKO_1651	2310	2024-08-20 09:13:46.917568	365	97.2821394824653	1.00000000000000000000	SOT-353	1000
004277	DAKO_1651	1370	2024-01-02 14:37:19.184313	365	6.12025128878472	1.00000000000000000000	SOT-353	1000
006167	DXXX_1220	580	2024-11-15 12:01:51.829523	7	0	0.90000000000000000000	QFN48-7.1x7.1	900
005571	DARA_1241	8	2024-08-23 09:06:58.802863	7	13.2647854183912	0.90000000000000000000	QFN24-5X5	900
001096	OPGD_0136	956	2023-02-07 11:41:10.801726	0	298.47415355081	1.1000000000000000	D0805-0.75	1100
005575	DARA_1517	10	2024-08-27 13:36:15.322655	365	0	0.85000000000000000000	QFN48-0.4	850
005379	DDXX_1744	8	2024-07-18 16:23:27.377789	7	34.7950009696644	1.4000000000000000	LQFP48-0.50	1400
002625	DXXX_1027	125	2023-06-02 15:05:26.212853	0	114.869088587674	0.85000000000000000000	QFN64-9X9	850
000308	DASP_0860	76	2023-01-17 15:17:21.411073	365	481.997384279421	0.90000000000000000000	QFN10-3.6X3.6	900
001486	DASP_1108	812	2023-10-05 11:03:30.175387	0	181.122616491331	0.95000000000000000000	QFN10-3X3	950
002269	OPGD_0202	850	2023-04-12 10:21:23.783457	0	394.203809092292	0.75000000000000000000	D0805_L	750
005376	MAPM_4318	8	2024-07-18 15:44:41.896427	7	0	3.1000000000000000	NINA_2	3100
001288	DASP_1460	83	2023-02-16 09:22:27.068924	0	179.26568861647	0.80000000000000000000	QFN8-3X3	800
005396	DDAT_1747	4	2024-07-19 11:09:32.90995	7	34.0128740763657	0.75000000000000000000	WSON_6X5	750
005389	DARA_1746	4	2024-07-19 09:50:12.568819	7	34.0679249698495	0.85000000000000000000	QFN56-7x7	850
003901	DASP_1465	1662	2023-11-02 11:33:37.537303	365	83.469882171713	0.90000000000000000000	TSSOP08	900
004390	DXXX_1333	1421	2024-01-22 10:01:28.160252	365	85.9970963401505	1.1000000000000000	TSSOP20	1100
004900	DARA_1401	488	2024-04-19 09:40:10.494831	1	189.35241676103	1.5000000000000000	SOT-89	1500
005661	DARA_0800	12	2024-09-10 11:12:05.345645	7	56.3173351971759	0.80000000000000000000	QFN16-3X3	800
002999	DXXX_0775	144	2023-07-14 11:28:50.059127	7	478.995814024803	0.90000000000000000000	QFN48-7.1x7.1.opt	900
002456	DXXX_1288	78	2023-11-17 10:23:39.461674	0	0	0.90000000000000000000	QFN32-5X5	900
004839	DARA_1498	94	2024-04-05 09:04:33.307305	0	14.5576521359375	0.80000000000000000000	QFN16-3X3	800
005515	OPGD_0130	2000	2024-08-08 16:06:15.772448	7	47.7548742867824	1.00000000000000000000	0603-10	1000
005516	OPGD_0130	2000	2024-08-08 16:07:03.854646	7	47.7543020592824	1.00000000000000000000	0603-10	1000
005807	CUNI_1525	3000	2024-09-30 09:07:22.668962	3	0	1.00000000000000000000	0805-10	1000
005523	OPGD_0130	717	2024-08-08 16:12:28.167208	7	97.7013826677083	1.00000000000000000000	0603-10	1000
005520	OPGD_0130	2000	2024-08-08 16:10:26.24896	7	47.7520130626273	1.00000000000000000000	0603-10	1000
005001	OPOP_2433	723	2024-05-15 15:12:21.010868	0	33.6579449344213	1.00000000000000000000	QFN14-3X5	1000
003359	DAXX_1048	30	2023-11-16 11:35:57.682892	0	0	0.80000000000000000000	QFN16-3X3.meh	800
005519	OPGD_0130	2000	2024-08-08 16:09:39.784224	7	47.7525618955903	1.00000000000000000000	0603-10	1000
003961	DASP_1692	5	2023-11-06 08:57:11.812163	365	0	0.78000000000000000000	QFN12-3X2-simetric	780
002883	DXXX_1344	75	2023-06-30 13:40:02.291376	0	298.243619490995	0.78000000000000000000	QFN12-3X3_REF	780
005834	DARA_1462	432	2024-10-07 08:59:05.389374	0	21.115707471088	0.80000000000000000000	QFN16-3X3	800
001484	DDSL_0668	665	2023-11-28 18:53:19.974247	0	0	1.00000000000000000000	SOT-23_5	1000
005563	DASP_1741	10	2024-08-20 11:18:08.250574	7	6.1011364512037	1.8500000000000000	QFN22-6x4	1850
006074	DARA_1045	1567	2024-11-07 11:46:25.601919	365	0	1.00000000000000000000	SOT-363.opt	1000
005565	DXXX_1737	1	2024-08-20 11:51:44.464196	7	0	0.90000000000000000000	QFN32-5X5	900
005525	RUNI_168	2300	2024-11-07 09:01:46.835424	365	0	0.50000000000000000000	0805-05	500
003099	DASP_0859	1827	2023-07-28 09:40:01.428885	0	3.06413741759259	0.90000000000000000000	QFN10-3.6X3.6	900
003906	DARA_1462	4	2023-10-27 14:58:58.495915	0	174.068040751817	0.80000000000000000000	QFN16-3X3	800
004708	DARA_1071	43	2024-03-04 09:12:02.600942	0	95.3136984980093	0.90000000000000000000	QFN24-5X5	900
001126	DXXX_1148	101	2023-02-08 08:49:22.775046	365	516.023113159803	0.85000000000000000000	QFN64-9X9	850
001088	DARA_0878	744	2023-10-31 07:11:16.522787	0	1.21042655284722	0.80000000000000000000	QFN24-4X4	800
005655	DDXX_0902	1668	2024-09-10 10:23:11.700119	365	6.97431290811343	1.00000000000000000000	SOT-23_5	1000
004391	DASP_1668	55	2024-01-23 08:19:34.50366	365	106.107346168542	0.80000000000000000000	SOT-23_5_08.opt	800
005672	DARA_1241	12	2024-09-12 09:02:19.374513	7	0	0.90000000000000000000	QFN24-5X5	900
005726	DDAT_0937	1000	2024-09-20 13:57:22.049561	7	0	0.95000000000000000000	BGA84-8x12.5-0.8	950
002824	DXXX_0941	938	2023-12-07 17:53:45.784099	0	156.09713602772	0.80000000000000000000	QFN24-4X4	800
005873	DARA_1517	832	2024-10-10 13:13:10.104083	365	0.758807502685185	0.85000000000000000000	QFN48-0.4	850
005857	DDAT_1747	8	2024-10-08 09:20:49.893661	7	22.2075867766088	0.75000000000000000000	WSON_6X5	750
005856	VDSP_4304	40	2024-10-08 09:08:00.076348	365	21.2615532837732	0.50000000000000000000	DQA10_REF	500
005861	DDXX_1744	8	2024-10-08 09:31:38.633543	7	22.1793327955903	1.4000000000000000	LQFP48-0.50	1400
002267	OPGD_0203	1468	2023-04-12 10:18:51.161648	0	462.471553138264	0.75000000000000000000	D0805_L	750
005979	DXXX_1751	16	2024-10-18 11:46:58.42992	7	0	1.00000000000000000000	QFN20-4X4	1000
005978	QFXX_3538	51	2024-10-18 11:24:01.345327	365	33.9930577551505	1.1000000000000000	X3C19F1	1100
005977	DASP_1739	26	2024-10-18 11:23:19.433845	7	37.8450419691088	2.0000000000000000	QFN11-3.6X4.5_REF	2000
005973	DASP_1755	9	2024-10-18 10:37:11.096864	7	35.3338136070486	2.0000000000000000	QFN11-3.6X4.5_REF	2000
005984	DXXX_1234	70	2024-10-18 13:25:39.803221	7	0	0.80000000000000000000	QFN72-0.5	800
001537	DASP_1081	349	2023-02-22 09:31:57.915728	0	33.7353499713542	0.90000000000000000000	QFN20-4.5X3.6	900
000307	DASP_0860	1250	2023-01-17 15:16:28.384167	365	600.670217441586	0.90000000000000000000	QFN10-3.6X3.6	900
006173	QKRZ_2936	2824	2024-11-19 08:59:06.791536	0	0	0.70000000000000000000	1206-07_OPT	700
006174	DARA_1614	20	2024-11-19 08:57:23.348119	7	0	0.78000000000000000000	QFN12-3X3	780
005510	OPGD_0054	1560	2024-08-08 16:00:03.341295	7	73.9977254982639	1.00000000000000000000	D0603-04.opt	1000
002879	DASP_0930	314	2023-06-30 13:35:42.575884	365	194.151702765741	0.95000000000000000000	QFN10-3X3	950
006176	DXXX_1150	400	2024-11-19 09:12:21.350184	365	0	1.1000000000000000	TSSOP48-0.50-BW:6.1	1100
006054	DARA_1740	80	2024-11-01 09:51:51.210879	7	23.9042896635301	1.00000000000000000000	QFN20-4X4	1000
004680	DXXX_1356	117	2024-02-19 11:15:47.110691	7	258.068712761678	0.90000000000000000000	QFN32-5X5	900
001663	OPGD_0138	15	2023-02-27 10:46:14.64114	365	384.972996009653	0.80000000000000000000	RoundLed_REF	800
006094	RUNI_168	4267	2024-11-07 09:02:16.698989	365	12.4454125071181	0.50000000000000000000	0805-05	500
006147	DARA_1636	84	2024-11-11 16:05:20.785935	7	3.69456692618056	0.90000000000000000000	QPQ4900	900
006156	OPGD_0117	440	2024-11-12 13:43:07.455603	7	0.956080921168982	4.0000000000000000	Diode 4x4mm	4000
006150	DARA_1449	25	2024-11-12 08:11:51.899117	7	0	0.80000000000000000000	QFN24-4X4	800
004807	OPGD_0053	570	2024-03-26 11:35:51.927865	365	8.3998296287037	1.00000000000000000000	0603-10	1000
